datetime,AT_solar_generation_actual
2015-01-01,721.0
2015-01-02,1116.0
2015-01-03,1282.0
2015-01-04,898.0
2015-01-05,1107.0
2015-01-06,1233.0
2015-01-07,1117.0
2015-01-08,1293.0
2015-01-09,2061.0
2015-01-10,2513.0
2015-01-11,1432.0
2015-01-12,2021.0
2015-01-13,2949.0
2015-01-14,2310.0
2015-01-15,2118.0
2015-01-16,2723.0
2015-01-17,1750.0
2015-01-18,1995.0
2015-01-19,1760.0
2015-01-20,1380.0
2015-01-21,2607.0
2015-01-22,2285.0
2015-01-23,2139.0
2015-01-24,1584.0
2015-01-25,1451.0
2015-01-26,2583.0
2015-01-27,2028.0
2015-01-28,2813.0
2015-01-29,1876.0
2015-01-30,1380.0
2015-01-31,2538.0
2015-02-01,2368.0
2015-02-02,2489.0
2015-02-03,3520.0
2015-02-04,3014.0
2015-02-05,2253.0
2015-02-06,2406.0
2015-02-07,3733.0
2015-02-08,3167.0
2015-02-09,2261.0
2015-02-10,2721.0
2015-02-11,5003.0
2015-02-12,3879.0
2015-02-13,4932.0
2015-02-14,5714.0
2015-02-15,5866.0
2015-02-16,6624.0
2015-02-17,6428.0
2015-02-18,6040.0
2015-02-19,6553.0
2015-02-20,7217.0
2015-02-21,7414.0
2015-02-22,3983.0
2015-02-23,5096.0
2015-02-24,3729.0
2015-02-25,4471.0
2015-02-26,6437.0
2015-02-27,8305.0
2015-02-28,5797.0
2015-03-01,5343.0
2015-03-02,4658.0
2015-03-03,7085.0
2015-03-04,5399.0
2015-03-05,5814.0
2015-03-06,6203.0
2015-03-07,7619.0
2015-03-08,8152.0
2015-03-09,6565.0
2015-03-10,7934.0
2015-03-11,5087.0
2015-03-12,7029.0
2015-03-13,7979.0
2015-03-14,8071.0
2015-03-15,9476.0
2015-03-16,8500.0
2015-03-17,10522.0
2015-03-18,10833.0
2015-03-19,11848.0
2015-03-20,11186.0
2015-03-21,10002.0
2015-03-22,8331.0
2015-03-23,10998.0
2015-03-24,11324.0
2015-03-25,8977.0
2015-03-26,7629.0
2015-03-27,7453.0
2015-03-28,9734.0
2015-03-29,9674.0
2015-03-30,7328.0
2015-03-31,7811.0
2015-04-01,9410.0
2015-04-02,8288.0
2015-04-03,11786.0
2015-04-04,9677.0
2015-04-05,10381.0
2015-04-06,9747.0
2015-04-07,11252.0
2015-04-08,10643.0
2015-04-09,14064.0
2015-04-10,14447.0
2015-04-11,11914.0
2015-04-12,12481.0
2015-04-13,13115.0
2015-04-14,12139.0
2015-04-15,14603.0
2015-04-16,14030.0
2015-04-17,9019.0
2015-04-18,9933.0
2015-04-19,15035.0
2015-04-20,13849.0
2015-04-21,14755.0
2015-04-22,14752.0
2015-04-23,10922.0
2015-04-24,14702.0
2015-04-25,14516.0
2015-04-26,13430.0
2015-04-27,13167.0
2015-04-28,9181.0
2015-04-29,15968.0
2015-04-30,9950.0
2015-05-01,10538.0
2015-05-02,10262.0
2015-05-03,10249.0
2015-05-04,11774.0
2015-05-05,15098.0
2015-05-06,11827.0
2015-05-07,15190.0
2015-05-08,12742.0
2015-05-09,11605.0
2015-05-10,12171.0
2015-05-11,16327.0
2015-05-12,15228.0
2015-05-13,12853.0
2015-05-14,11409.0
2015-05-15,8910.0
2015-05-16,13913.0
2015-05-17,13511.0
2015-05-18,16323.0
2015-05-19,12280.0
2015-05-20,10086.0
2015-05-21,9297.0
2015-05-22,9326.0
2015-05-23,8545.0
2015-05-24,12367.0
2015-05-25,12383.0
2015-05-26,10431.0
2015-05-27,15055.0
2015-05-28,16788.0
2015-05-29,16286.0
2015-05-30,13332.0
2015-05-31,14995.0
2015-06-01,12440.0
2015-06-02,14197.0
2015-06-03,14763.0
2015-06-04,14976.0
2015-06-05,16221.0
2015-06-06,16034.0
2015-06-07,15100.0
2015-06-08,13740.0
2015-06-09,12430.0
2015-06-10,15319.0
2015-06-11,12807.0
2015-06-12,15595.0
2015-06-13,13939.0
2015-06-14,12901.0
2015-06-15,9780.0
2015-06-16,10484.0
2015-06-17,12157.0
2015-06-18,11937.0
2015-06-19,12119.0
2015-06-20,10211.0
2015-06-21,13696.0
2015-06-22,11809.0
2015-06-23,10693.0
2015-06-24,15200.0
2015-06-25,15435.0
2015-06-26,14846.0
2015-06-27,11581.0
2015-06-28,14866.0
2015-06-29,12881.0
2015-06-30,13682.0
2015-07-01,16081.0
2015-07-02,16316.0
2015-07-03,16808.0
2015-07-04,16991.0
2015-07-05,17073.0
2015-07-06,14014.0
2015-07-07,15951.0
2015-07-08,9688.0
2015-07-09,14849.0
2015-07-10,17000.0
2015-07-11,16679.0
2015-07-12,15631.0
2015-07-13,12963.0
2015-07-14,13224.0
2015-07-15,15165.0
2015-07-16,15900.0
2015-07-17,16034.0
2015-07-18,15175.0
2015-07-19,13926.0
2015-07-20,13821.0
2015-07-21,14574.0
2015-07-22,14692.0
2015-07-23,11110.0
2015-07-24,11371.0
2015-07-25,10705.0
2015-07-26,15298.0
2015-07-27,10780.0
2015-07-28,11939.0
2015-07-29,9606.0
2015-07-30,10873.0
2015-07-31,15479.0
2015-08-01,16418.0
2015-08-02,10682.0
2015-08-03,16007.0
2015-08-04,16697.0
2015-08-05,15760.0
2015-08-06,16258.0
2015-08-07,16637.0
2015-08-08,16183.0
2015-08-09,15859.0
2015-08-10,15906.0
2015-08-11,14650.0
2015-08-12,15932.0
2015-08-13,15652.0
2015-08-14,14887.0
2015-08-15,12220.0
2015-08-16,9174.0
2015-08-17,7930.0
2015-08-18,12007.0
2015-08-19,10088.0
2015-08-20,10248.0
2015-08-21,10632.0
2015-08-22,14793.0
2015-08-23,14350.0
2015-08-24,13304.0
2015-08-25,10421.0
2015-08-26,15112.0
2015-08-27,15185.0
2015-08-28,14755.0
2015-08-29,14182.0
2015-08-30,14039.0
2015-08-31,14008.0
2015-09-01,15242.0
2015-09-02,9121.0
2015-09-03,10739.0
2015-09-04,11052.0
2015-09-05,6810.0
2015-09-06,12047.0
2015-09-07,11522.0
2015-09-08,12282.0
2015-09-09,10909.0
2015-09-10,12347.0
2015-09-11,12810.0
2015-09-12,13227.0
2015-09-13,13172.0
2015-09-14,8637.0
2015-09-15,11161.0
2015-09-16,12379.0
2015-09-17,11564.0
2015-09-18,10103.0
2015-09-19,8780.0
2015-09-20,9586.0
2015-09-21,13076.0
2015-09-22,11739.0
2015-09-23,7743.0
2015-09-24,8669.0
2015-09-25,9275.0
2015-09-26,8049.0
2015-09-27,10364.0
2015-09-28,11033.0
2015-09-29,9761.0
2015-09-30,11218.0
2015-10-01,12127.0
2015-10-02,12063.0
2015-10-03,10245.0
2015-10-04,8216.0
2015-10-05,10641.0
2015-10-06,7510.0
2015-10-07,6215.0
2015-10-08,6545.0
2015-10-09,7593.0
2015-10-10,7170.0
2015-10-11,6437.0
2015-10-12,9373.0
2015-10-13,6021.0
2015-10-14,5763.0
2015-10-15,5148.0
2015-10-16,5995.0
2015-10-17,7383.0
2015-10-18,6736.0
2015-10-19,4794.0
2015-10-20,7633.0
2015-10-21,6891.0
2015-10-22,7254.0
2015-10-23,7531.0
2015-10-24,8585.0
2015-10-25,6355.0
2015-10-26,7957.0
2015-10-27,6977.0
2015-10-28,6613.0
2015-10-29,5102.0
2015-10-30,6099.0
2015-10-31,7359.0
2015-11-01,8548.0
2015-11-02,7626.0
2015-11-03,7848.0
2015-11-04,6998.0
2015-11-05,5961.0
2015-11-06,6107.0
2015-11-07,5107.0
2015-11-08,6094.0
2015-11-09,5352.0
2015-11-10,6172.0
2015-11-11,6892.0
2015-11-12,6288.0
2015-11-13,5134.0
2015-11-14,5437.0
2015-11-15,3954.0
2015-11-16,6204.0
2015-11-17,4114.0
2015-11-18,6056.0
2015-11-19,5795.0
2015-11-20,3257.0
2015-11-21,3249.0
2015-11-22,2811.0
2015-11-23,3560.0
2015-11-24,4275.0
2015-11-25,2728.0
2015-11-26,2635.0
2015-11-27,3263.0
2015-11-28,3450.0
2015-11-29,2947.0
2015-11-30,3309.0
2015-12-01,2922.0
2015-12-02,4209.0
2015-12-03,3496.0
2015-12-04,3872.0
2015-12-05,3796.0
2015-12-06,3529.0
2015-12-07,3887.0
2015-12-08,2799.0
2015-12-09,2483.0
2015-12-10,3720.0
2015-12-11,3542.0
2015-12-12,2953.0
2015-12-13,3364.0
2015-12-14,3361.0
2015-12-15,2803.0
2015-12-16,2374.0
2015-12-17,2465.0
2015-12-18,2564.0
2015-12-19,3033.0
2015-12-20,3042.0
2015-12-21,2774.0
2015-12-22,3469.0
2015-12-23,3718.0
2015-12-24,3680.0
2015-12-25,3634.0
2015-12-26,3540.0
2015-12-27,3633.0
2015-12-28,3451.0
2015-12-29,2822.0
2015-12-30,2832.0
2015-12-31,2882.0
2016-01-01,2477.0
2016-01-02,1934.0
2016-01-03,1559.0
2016-01-04,1349.0
2016-01-05,1465.0
2016-01-06,1863.0
2016-01-07,2028.0
2016-01-08,2466.0
2016-01-09,1957.0
2016-01-10,2231.0
2016-01-11,2239.0
2016-01-12,2772.0
2016-01-13,2880.0
2016-01-14,3500.0
2016-01-15,3075.0
2016-01-16,2661.0
2016-01-17,2066.0
2016-01-18,2552.0
2016-01-19,2059.0
2016-01-20,2465.0
2016-01-21,3203.0
2016-01-22,3031.0
2016-01-23,2096.0
2016-01-24,2566.0
2016-01-25,2919.0
2016-01-26,3985.0
2016-01-27,4016.0
2016-01-28,3919.0
2016-01-29,4957.0
2016-01-30,4771.0
2016-01-31,3067.0
2016-02-01,4452.0
2016-02-02,5134.0
2016-02-03,3182.0
2016-02-04,4513.0
2016-02-05,4544.0
2016-02-06,6067.0
2016-02-07,6019.0
2016-02-08,5538.0
2016-02-09,6302.0
2016-02-10,3493.0
2016-02-11,6042.0
2016-02-12,6715.0
2016-02-13,5284.0
2016-02-14,6351.0
2016-02-15,4733.0
2016-02-16,4457.0
2016-02-17,3653.0
2016-02-18,6827.0
2016-02-19,5115.0
2016-02-20,7799.0
2016-02-21,6274.0
2016-02-22,10451.0
2016-02-23,6347.0
2016-02-24,8629.0
2016-02-25,6221.0
2016-02-26,9187.0
2016-02-27,9770.0
2016-02-28,7483.0
2016-02-29,5947.0
2016-03-01,7058.0
2016-03-02,7515.0
2016-03-03,6523.0
2016-03-04,8329.0
2016-03-05,8827.0
2016-03-06,8553.0
2016-03-07,7602.0
2016-03-08,7442.0
2016-03-09,9861.0
2016-03-10,10485.0
2016-03-11,7303.0
2016-03-12,7483.0
2016-03-13,8201.0
2016-03-14,12107.0
2016-03-15,7750.0
2016-03-16,10172.0
2016-03-17,13032.0
2016-03-18,13081.0
2016-03-19,11005.0
2016-03-20,13317.0
2016-03-21,13395.0
2016-03-22,11521.0
2016-03-23,9887.0
2016-03-24,11022.0
2016-03-25,10112.0
2016-03-26,9941.0
2016-03-27,14127.0
2016-03-28,12611.0
2016-03-29,11226.0
2016-03-30,12275.0
2016-03-31,14754.0
2016-04-01,13741.0
2016-04-02,15503.0
2016-04-03,15664.0
2016-04-04,14478.0
2016-04-05,15546.0
2016-04-06,10977.0
2016-04-07,10302.0
2016-04-08,7086.0
2016-04-09,8583.0
2016-04-10,12914.0
2016-04-11,16708.0
2016-04-12,15070.0
2016-04-13,15719.0
2016-04-14,11056.0
2016-04-15,13450.0
2016-04-16,16285.0
2016-04-17,13657.0
2016-04-18,10336.0
2016-04-19,14364.0
2016-04-20,16763.0
2016-04-21,18795.0
2016-04-22,17262.0
2016-04-23,12028.0
2016-04-24,12904.0
2016-04-25,13334.0
2016-04-26,15129.0
2016-04-27,9541.0
2016-04-28,15201.0
2016-04-29,18974.0
2016-04-30,20001.0
2016-05-01,12887.0
2016-05-02,12092.0
2016-05-03,12485.0
2016-05-04,10462.0
2016-05-05,15497.0
2016-05-06,18733.0
2016-05-07,18699.0
2016-05-08,17287.0
2016-05-09,17599.0
2016-05-10,15933.0
2016-05-11,15158.0
2016-05-12,9974.0
2016-05-13,10093.0
2016-05-14,10806.0
2016-05-15,15390.0
2016-05-16,14233.0
2016-05-17,16882.0
2016-05-18,20030.0
2016-05-19,13740.0
2016-05-20,13792.0
2016-05-21,18495.0
2016-05-22,20691.0
2016-05-23,15676.0
2016-05-24,11559.0
2016-05-25,17363.0
2016-05-26,17974.0
2016-05-27,16073.0
2016-05-28,17508.0
2016-05-29,16293.0
2016-05-30,16136.0
2016-05-31,15610.0
2016-06-01,15610.0
2016-06-02,14649.0
2016-06-03,14893.0
2016-06-04,15620.0
2016-06-05,12132.0
2016-06-06,16386.0
2016-06-07,18112.0
2016-06-08,17072.0
2016-06-09,11536.0
2016-06-10,16592.0
2016-06-11,13203.0
2016-06-12,11901.0
2016-06-13,12919.0
2016-06-14,13986.0
2016-06-15,13761.0
2016-06-16,14647.0
2016-06-17,17238.0
2016-06-18,16593.0
2016-06-19,11039.0
2016-06-20,10899.0
2016-06-21,15753.0
2016-06-22,16422.0
2016-06-23,19017.0
2016-06-24,18278.0
2016-06-25,15753.0
2016-06-26,11351.0
2016-06-27,13218.0
2016-06-28,18025.0
2016-06-29,18295.0
2016-06-30,15197.0
2016-07-01,15695.0
2016-07-02,15533.0
2016-07-03,15012.0
2016-07-04,18381.0
2016-07-05,15805.0
2016-07-06,16088.0
2016-07-07,17693.0
2016-07-08,17023.0
2016-07-09,17117.0
2016-07-10,18073.0
2016-07-11,16852.0
2016-07-12,12540.0
2016-07-13,10451.0
2016-07-14,11587.0
2016-07-15,13925.0
2016-07-16,14027.0
2016-07-17,13193.0
2016-07-18,15715.0
2016-07-19,17304.0
2016-07-20,18451.0
2016-07-21,14967.0
2016-07-22,14602.0
2016-07-23,14042.0
2016-07-24,14498.0
2016-07-25,11962.0
2016-07-26,12321.0
2016-07-27,12837.0
2016-07-28,12518.0
2016-07-29,15763.0
2016-07-30,16989.0
2016-07-31,13813.0
2016-08-01,14600.0
2016-08-02,16314.0
2016-08-03,15910.0
2016-08-04,16281.0
2016-08-05,13023.0
2016-08-06,14960.0
2016-08-07,18693.0
2016-08-08,19094.0
2016-08-09,12995.0
2016-08-10,10103.0
2016-08-11,16437.0
2016-08-12,12452.0
2016-08-13,17252.0
2016-08-14,17983.0
2016-08-15,15096.0
2016-08-16,15518.0
2016-08-17,14239.0
2016-08-18,13864.0
2016-08-19,14864.0
2016-08-20,13808.0
2016-08-21,11350.0
2016-08-22,14818.0
2016-08-23,17485.0
2016-08-24,17271.0
2016-08-25,17626.0
2016-08-26,17545.0
2016-08-27,17322.0
2016-08-28,16874.0
2016-08-29,10874.0
2016-08-30,13370.0
2016-08-31,16756.0
2016-09-01,17097.0
2016-09-02,15241.0
2016-09-03,13735.0
2016-09-04,14617.0
2016-09-05,10930.0
2016-09-06,10243.0
2016-09-07,15238.0
2016-09-08,15986.0
2016-09-09,15964.0
2016-09-10,14870.0
2016-09-11,15011.0
2016-09-12,15244.0
2016-09-13,14697.0
2016-09-14,14742.0
2016-09-15,14504.0
2016-09-16,12933.0
2016-09-17,10132.0
2016-09-18,9764.0
2016-09-19,8705.0
2016-09-20,11782.0
2016-09-21,12416.0
2016-09-22,13603.0
2016-09-23,11368.0
2016-09-24,13624.0
2016-09-25,13078.0
2016-09-26,10616.0
2016-09-27,12871.0
2016-09-28,12177.0
2016-09-29,11702.0
2016-09-30,12400.0
2016-10-01,12325.0
2016-10-02,7360.0
2016-10-03,8888.0
2016-10-04,6908.0
2016-10-05,10068.0
2016-10-06,7837.0
2016-10-07,8397.0
2016-10-08,8603.0
2016-10-09,9400.0
2016-10-10,9000.0
2016-10-11,6562.0
2016-10-12,8152.0
2016-10-13,10233.0
2016-10-14,9550.0
2016-10-15,7694.0
2016-10-16,9889.0
2016-10-17,7986.0
2016-10-18,5847.0
2016-10-19,6172.0
2016-10-20,5554.0
2016-10-21,5865.0
2016-10-22,8749.0
2016-10-23,6642.0
2016-10-24,8025.0
2016-10-25,7482.0
2016-10-26,5575.0
2016-10-27,6672.0
2016-10-28,6672.0
2016-10-29,7477.0
2016-10-30,6457.0
2016-10-31,8033.0
2016-11-01,8286.0
2016-11-02,5675.0
2016-11-03,7407.0
2016-11-04,6700.0
2016-11-05,6658.0
2016-11-06,3974.0
2016-11-07,4354.0
2016-11-08,5009.0
2016-11-09,6369.0
2016-11-10,4077.0
2016-11-11,3890.0
2016-11-12,3543.0
2016-11-13,5018.0
2016-11-14,5935.0
2016-11-15,4805.0
2016-11-16,3980.0
2016-11-17,4234.0
2016-11-18,5424.0
2016-11-19,2941.0
2016-11-20,4922.0
2016-11-21,5908.0
2016-11-22,5818.0
2016-11-23,4803.0
2016-11-24,4660.0
2016-11-25,3159.0
2016-11-26,2966.0
2016-11-27,3421.0
2016-11-28,4309.0
2016-11-29,4659.0
2016-11-30,4281.0
2016-12-01,3235.0
2016-12-02,4284.0
2016-12-03,4149.0
2016-12-04,3875.0
2016-12-05,3739.0
2016-12-06,4129.0
2016-12-07,3915.0
2016-12-08,3619.0
2016-12-09,4516.0
2016-12-10,4343.0
2016-12-11,3669.0
2016-12-12,3446.0
2016-12-13,3627.0
2016-12-14,3110.0
2016-12-15,3342.0
2016-12-16,3638.0
2016-12-17,3643.0
2016-12-18,2863.0
2016-12-19,2878.0
2016-12-20,3024.0
2016-12-21,3236.0
2016-12-22,2974.0
2016-12-23,3062.0
2016-12-24,2733.0
2016-12-25,2360.0
2016-12-26,3399.0
2016-12-27,3571.0
2016-12-28,2898.0
2016-12-29,3583.0
2016-12-30,3533.0
2016-12-31,3813.0
2017-01-01,3598.0
2017-01-02,3159.0
2017-01-03,3009.0
2017-01-04,2216.0
2017-01-05,1865.0
2017-01-06,2063.0
2017-01-07,2677.0
2017-01-08,1750.0
2017-01-09,2170.0
2017-01-10,2091.0
2017-01-11,2046.0
2017-01-12,2260.0
2017-01-13,1904.0
2017-01-14,1966.0
2017-01-15,2702.0
2017-01-16,2469.0
2017-01-17,2051.0
2017-01-18,2261.0
2017-01-19,2597.0
2017-01-20,2800.0
2017-01-21,2714.0
2017-01-22,2785.0
2017-01-23,2152.0
2017-01-24,2629.0
2017-01-25,2782.0
2017-01-26,3015.0
2017-01-27,3143.0
2017-01-28,3161.0
2017-01-29,3133.0
2017-01-30,3238.0
2017-01-31,2860.0
2017-02-01,2819.0
2017-02-02,3287.0
2017-02-03,3780.0
2017-02-04,5843.0
2017-02-05,7359.0
2017-02-06,3226.0
2017-02-07,4122.0
2017-02-08,5598.0
2017-02-09,6678.0
2017-02-10,6588.0
2017-02-11,6618.0
2017-02-12,6722.0
2017-02-13,8251.0
2017-02-14,8903.0
2017-02-15,9820.0
2017-02-16,9531.0
2017-02-17,5332.0
2017-02-18,7007.0
2017-02-19,9818.0
2017-02-20,8255.0
2017-02-21,5898.0
2017-02-22,8477.0
2017-02-23,10443.0
2017-02-24,7833.0
2017-02-25,12076.0
2017-02-26,8126.0
2017-02-27,11477.0
2017-02-28,11982.0
2017-03-01,9629.0
2017-03-02,8779.0
2017-03-03,9980.0
2017-03-04,10779.0
2017-03-05,8985.0
2017-03-06,8634.0
2017-03-07,8181.0
2017-03-08,11042.0
2017-03-09,7051.0
2017-03-10,9021.0
2017-03-11,11736.0
2017-03-12,12506.0
2017-03-13,13743.0
2017-03-14,11541.0
2017-03-15,11164.0
2017-03-16,13222.0
2017-03-17,14175.0
2017-03-18,8298.0
2017-03-19,8144.0
2017-03-20,12212.0
2017-03-21,10957.0
2017-03-22,9257.0
2017-03-23,13770.0
2017-03-24,15031.0
2017-03-25,16396.0
2017-03-26,14647.0
2017-03-27,16975.0
2017-03-28,16847.0
2017-03-29,16108.0
2017-03-30,14664.0
2017-03-31,17357.0
2017-04-01,17156.0
2017-04-02,16474.0
2017-04-03,14875.0
2017-04-04,13412.0
2017-04-05,11805.0
2017-04-06,14720.0
2017-04-07,12038.0
2017-04-08,16009.0
2017-04-09,19087.0
2017-04-10,18722.0
2017-04-11,13112.0
2017-04-12,16179.0
2017-04-13,14438.0
2017-04-14,16473.0
2017-04-15,13426.0
2017-04-16,13033.0
2017-04-17,12505.0
2017-04-18,13057.0
2017-04-19,12303.0
2017-04-20,13015.0
2017-04-21,19711.0
2017-04-22,15796.0
2017-04-23,17311.0
2017-04-24,20858.0
2017-04-25,17833.0
2017-04-26,15514.0
2017-04-27,10917.0
2017-04-28,11868.0
2017-04-29,18836.0
2017-04-30,22397.0
2017-05-01,19702.0
2017-05-02,19996.0
2017-05-03,16625.0
2017-05-04,17607.0
2017-05-05,15271.0
2017-05-06,20158.0
2017-05-07,15244.0
2017-05-08,14797.0
2017-05-09,15646.0
2017-05-10,23023.0
2017-05-11,21308.0
2017-05-12,18739.0
2017-05-13,17713.0
2017-05-14,19521.0
2017-05-15,15566.0
2017-05-16,19669.0
2017-05-17,24381.0
2017-05-18,24734.0
2017-05-19,24491.0
2017-05-20,18066.0
2017-05-21,15249.0
2017-05-22,22332.0
2017-05-23,22099.0
2017-05-24,15470.0
2017-05-25,19293.0
2017-05-26,21559.0
2017-05-27,25122.0
2017-05-28,25984.0
2017-05-29,23510.0
2017-05-30,22421.0
2017-05-31,17546.0
2017-06-01,17033.0
2017-06-02,19445.0
2017-06-03,21374.0
2017-06-04,15089.0
2017-06-05,17031.0
2017-06-06,16448.0
2017-06-07,16399.0
2017-06-08,22978.0
2017-06-09,23687.0
2017-06-10,19338.0
2017-06-11,23917.0
2017-06-12,21249.0
2017-06-13,23295.0
2017-06-14,21481.0
2017-06-15,23573.0
2017-06-16,17504.0
2017-06-17,20452.0
2017-06-18,23504.0
2017-06-19,24172.0
2017-06-20,23616.0
2017-06-21,19957.0
2017-06-22,21827.0
2017-06-23,18134.0
2017-06-24,22573.0
2017-06-25,14585.0
2017-06-26,23035.0
2017-06-27,17946.0
2017-06-28,19850.0
2017-06-29,17438.0
2017-06-30,21244.0
2017-07-01,20326.0
2017-07-02,15503.0
2017-07-03,20078.0
2017-07-04,22309.0
2017-07-05,23014.0
2017-07-06,22894.0
2017-07-07,20463.0
2017-07-08,19701.0
2017-07-09,17914.0
2017-07-10,19120.0
2017-07-11,17051.0
2017-07-12,17703.0
2017-07-13,22601.0
2017-07-14,18864.0
2017-07-15,16161.0
2017-07-16,19216.0
2017-07-17,20788.0
2017-07-18,22215.0
2017-07-19,18352.0
2017-07-20,20412.0
2017-07-21,19630.0
2017-07-22,17732.0
2017-07-23,15752.0
2017-07-24,11823.0
2017-07-25,18984.0
2017-07-26,12882.0
2017-07-27,15432.0
2017-07-28,17910.0
2017-07-29,21338.0
2017-07-30,19015.0
2017-07-31,20827.0
2017-08-01,24076.0
2017-08-02,20820.0
2017-08-03,21866.0
2017-08-04,20220.0
2017-08-05,19552.0
2017-08-06,12666.0
2017-08-07,23703.0
2017-08-08,22990.0
2017-08-09,21713.0
2017-08-10,15764.0
2017-08-11,13163.0
2017-08-12,16398.0
2017-08-13,20660.0
2017-08-14,22004.0
2017-08-15,21904.0
2017-08-16,16412.0
2017-08-17,24832.0
2017-08-18,19426.0
2017-08-19,12109.0
2017-08-20,15300.0
2017-08-21,21305.0
2017-08-22,21525.0
2017-08-23,20995.0
2017-08-24,19684.0
2017-08-25,19672.0
2017-08-26,20195.0
2017-08-27,17604.0
2017-08-28,16122.0
2017-08-29,20853.0
2017-08-30,20284.0
2017-08-31,18430.0
2017-09-01,11536.0
2017-09-02,11529.0
2017-09-03,11484.0
2017-09-04,19704.0
2017-09-05,19450.0
2017-09-06,13641.0
2017-09-07,16354.0
2017-09-08,20201.0
2017-09-09,18156.0
2017-09-10,13060.0
2017-09-11,9545.0
2017-09-12,12282.0
2017-09-13,16472.0
2017-09-14,17923.0
2017-09-15,18139.0
2017-09-16,12207.0
2017-09-17,9249.0
2017-09-18,14879.0
2017-09-19,8315.0
2017-09-20,11003.0
2017-09-21,13934.0
2017-09-22,14458.0
2017-09-23,15232.0
2017-09-24,11282.0
2017-09-25,11911.0
2017-09-26,12071.0
2017-09-27,14101.0
2017-09-28,13724.0
2017-09-29,13979.0
2017-09-30,15192.0
2017-10-01,11899.0
2017-10-02,15568.0
2017-10-03,8437.0
2017-10-04,13520.0
2017-10-05,15027.0
2017-10-06,12678.0
2017-10-07,13082.0
2017-10-08,10756.0
2017-10-09,10025.0
2017-10-10,10219.0
2017-10-11,12542.0
2017-10-12,13159.0
2017-10-13,12956.0
2017-10-14,13547.0
2017-10-15,13445.0
2017-10-16,12982.0
2017-10-17,12988.0
2017-10-18,11823.0
2017-10-19,12575.0
2017-10-20,11487.0
2017-10-21,8470.0
2017-10-22,5964.0
2017-10-23,6800.0
2017-10-24,9864.0
2017-10-25,8167.0
2017-10-26,9468.0
2017-10-27,6208.0
2017-10-28,7134.0
2017-10-29,7511.0
2017-10-30,7713.0
2017-10-31,8806.0
2017-11-01,7280.0
2017-11-02,7730.0
2017-11-03,8455.0
2017-11-04,8657.0
2017-11-05,7740.0
2017-11-06,4481.0
2017-11-07,5762.0
2017-11-08,4790.0
2017-11-09,6678.0
2017-11-10,8130.0
2017-11-11,5885.0
2017-11-12,4661.0
2017-11-13,4177.0
2017-11-14,6645.0
2017-11-15,6504.0
2017-11-16,6958.0
2017-11-17,6081.0
2017-11-18,5921.0
2017-11-19,4696.0
2017-11-20,4759.0
2017-11-21,4094.0
2017-11-22,6849.0
2017-11-23,5541.0
2017-11-24,6104.0
2017-11-25,5173.0
2017-11-26,3897.0
2017-11-27,5287.0
2017-11-28,4214.0
2017-11-29,3531.0
2017-11-30,2341.0
2017-12-01,3798.0
2017-12-02,7218.0
2017-12-03,4203.0
2017-12-04,3104.0
2017-12-05,3365.0
2017-12-06,4781.0
2017-12-07,4967.0
2017-12-08,3360.0
2017-12-09,3240.0
2017-12-10,3716.0
2017-12-11,4143.0
2017-12-12,3224.0
2017-12-13,3871.0
2017-12-14,3857.0
2017-12-15,4347.0
2017-12-16,3829.0
2017-12-17,3369.0
2017-12-18,3111.0
2017-12-19,3539.0
2017-12-20,3156.0
2017-12-21,2499.0
2017-12-22,3473.0
2017-12-23,3720.0
2017-12-24,4518.0
2017-12-25,4893.0
2017-12-26,4046.0
2017-12-27,4015.0
2017-12-28,3018.0
2017-12-29,3538.0
2017-12-30,3223.0
2017-12-31,5061.0
2018-01-01,3767.0
2018-01-02,4689.0
2018-01-03,2823.0
2018-01-04,3234.0
2018-01-05,3566.0
2018-01-06,3342.0
2018-01-07,3621.0
2018-01-08,3295.0
2018-01-09,3693.0
2018-01-10,4176.0
2018-01-11,3458.0
2018-01-12,3833.0
2018-01-13,3754.0
2018-01-14,3616.0
2018-01-15,4181.0
2018-01-16,3100.0
2018-01-17,3750.0
2018-01-18,3173.0
2018-01-19,4331.0
2018-01-20,4004.0
2018-01-21,3496.0
2018-01-22,3283.0
2018-01-23,4763.0
2018-01-24,5998.0
2018-01-25,5212.0
2018-01-26,5754.0
2018-01-27,5321.0
2018-01-28,5990.0
2018-01-29,8055.0
2018-01-30,7838.0
2018-01-31,6774.0
2018-02-01,5793.0
2018-02-02,4629.0
2018-02-03,5116.0
2018-02-04,6959.0
2018-02-05,6881.0
2018-02-06,5501.0
2018-02-07,4580.0
2018-02-08,5446.0
2018-02-09,7535.0
2018-02-10,6725.0
2018-02-11,9382.0
2018-02-12,5797.0
2018-02-13,7091.0
2018-02-14,6816.0
2018-02-15,9116.0
2018-02-16,6241.0
2018-02-17,6139.0
2018-02-18,7730.0
2018-02-19,9562.0
2018-02-20,6204.0
2018-02-21,6942.0
2018-02-22,5666.0
2018-02-23,6619.0
2018-02-24,10240.0
2018-02-25,8031.0
2018-02-26,6606.0
2018-02-27,5669.0
2018-02-28,11484.0
2018-03-01,11995.0
2018-03-02,11271.0
2018-03-03,8897.0
2018-03-04,10493.0
2018-03-05,9406.0
2018-03-06,8774.0
2018-03-07,10319.0
2018-03-08,14788.0
2018-03-09,13837.0
2018-03-10,12715.0
2018-03-11,12682.0
2018-03-12,11718.0
2018-03-13,13356.0
2018-03-14,10876.0
2018-03-15,14072.0
2018-03-16,8269.0
2018-03-17,10096.0
2018-03-18,8305.0
2018-03-19,9767.0
2018-03-20,11048.0
2018-03-21,12930.0
2018-03-22,18048.0
2018-03-23,9583.0
2018-03-24,15293.0
2018-03-25,16109.0
2018-03-26,14153.0
2018-03-27,13432.0
2018-03-28,14657.0
2018-03-29,10557.0
2018-03-30,18225.0
2018-03-31,9853.0
2018-04-01,16131.0
2018-04-02,20310.0
2018-04-03,21091.0
2018-04-04,19814.0
2018-04-05,9615.0
2018-04-06,22808.0
2018-04-07,21285.0
2018-04-08,21109.0
2018-04-09,22108.0
2018-04-10,19273.0
2018-04-11,21636.0
2018-04-12,17981.0
2018-04-13,20719.0
2018-04-14,23082.0
2018-04-15,23199.0
2018-04-16,16440.0
2018-04-17,18092.0
2018-04-18,26915.0
2018-04-19,26462.0
2018-04-20,27233.0
2018-04-21,27503.0
2018-04-22,23829.0
2018-04-23,17713.0
2018-04-24,21287.0
2018-04-25,27521.0
2018-04-26,9552.0
2018-04-27,26657.0
2018-04-28,28371.0
2018-04-29,27851.0
2018-04-30,26983.0
2018-05-01,24788.0
2018-05-02,24462.0
2018-05-03,21539.0
2018-05-04,18883.0
2018-05-05,24031.0
2018-05-06,27642.0
2018-05-07,28866.0
2018-05-08,25997.0
2018-05-09,26194.0
2018-05-10,23460.0
2018-05-11,19338.0
2018-05-12,26035.0
2018-05-13,25379.0
2018-05-14,16421.0
2018-05-15,15912.0
2018-05-16,19703.0
2018-05-17,21852.0
2018-05-18,22963.0
2018-05-19,24829.0
2018-05-20,25700.0
2018-05-21,27662.0
2018-05-22,26267.0
2018-05-23,22032.0
2018-05-24,19270.0
2018-05-25,19518.0
2018-05-26,28460.0
2018-05-27,28714.0
2018-05-28,28029.0
2018-05-29,23220.0
2018-05-30,26343.0
2018-05-31,27479.0
2018-06-01,24325.0
2018-06-02,27198.0
2018-06-03,27027.0
2018-06-04,28535.0
2018-06-05,26933.0
2018-06-06,27380.0
2018-06-07,25739.0
2018-06-08,27785.0
2018-06-09,24297.0
2018-06-10,28682.0
2018-06-11,30012.0
2018-06-12,25855.0
2018-06-13,15634.0
2018-06-14,20147.0
2018-06-15,27404.0
2018-06-16,30035.0
2018-06-17,25641.0
2018-06-18,26479.0
2018-06-19,21906.0
2018-06-20,31134.0
2018-06-21,28604.0
2018-06-22,25739.0
2018-06-23,25408.0
2018-06-24,23967.0
2018-06-25,23552.0
2018-06-26,24187.0
2018-06-27,21949.0
2018-06-28,16699.0
2018-06-29,20119.0
2018-06-30,27752.0
2018-07-01,30691.0
2018-07-02,31870.0
2018-07-03,28455.0
2018-07-04,26567.0
2018-07-05,28993.0
2018-07-06,17988.0
2018-07-07,26434.0
2018-07-08,25812.0
2018-07-09,26322.0
2018-07-10,23123.0
2018-07-11,17834.0
2018-07-12,30519.0
2018-07-13,28033.0
2018-07-14,28259.0
2018-07-15,28393.0
2018-07-16,27160.0
2018-07-17,25290.0
2018-07-18,26347.0
2018-07-19,25056.0
2018-07-20,30692.0
2018-07-21,21465.0
2018-07-22,18676.0
2018-07-23,23430.0
2018-07-24,26933.0
2018-07-25,27611.0
2018-07-26,26472.0
2018-07-27,27017.0
2018-07-28,28646.0
2018-07-29,27210.0
2018-07-30,28976.0
2018-07-31,28079.0
2018-08-01,28826.0
2018-08-02,25899.0
2018-08-03,25927.0
2018-08-04,27422.0
2018-08-05,24725.0
2018-08-06,27916.0
2018-08-07,24218.0
2018-08-08,25945.0
2018-08-09,27774.0
2018-08-10,20227.0
2018-08-11,22241.0
2018-08-12,29676.0
2018-08-13,26143.0
2018-08-14,13808.0
2018-08-15,21485.0
2018-08-16,27241.0
2018-08-17,28561.0
2018-08-18,24592.0
2018-08-19,24970.0
2018-08-20,24293.0
2018-08-21,25130.0
2018-08-22,24235.0
2018-08-23,22197.0
2018-08-24,19205.0
2018-08-25,7826.0
2018-08-26,11361.0
2018-08-27,27190.0
2018-08-28,23095.0
2018-08-29,25814.0
2018-08-30,15465.0
2018-08-31,20115.0
2018-09-01,9522.0
2018-09-02,10875.0
2018-09-03,13227.0
2018-09-04,14443.0
2018-09-05,20123.0
2018-09-06,21938.0
2018-09-07,16014.0
2018-09-08,21753.0
2018-09-09,22847.0
2018-09-10,23429.0
2018-09-11,21724.0
2018-09-12,25664.0
2018-09-13,19475.0
2018-09-14,11796.0
2018-09-15,17413.0
2018-09-16,18524.0
2018-09-17,21620.0
2018-09-18,22125.0
2018-09-19,17679.0
2018-09-20,20042.0
2018-09-21,22561.0
2018-09-22,10164.0
2018-09-23,10530.0
2018-09-24,17016.0
2018-09-25,17284.0
2018-09-26,20420.0
2018-09-27,21752.0
2018-09-28,21344.0
2018-09-29,18200.0
2018-09-30,21264.0
2018-10-01,14920.0
2018-10-02,13400.0
2018-10-03,9896.0
2018-10-04,18380.0
2018-10-05,20164.0
2018-10-06,17004.0
2018-10-07,14320.0
2018-10-08,12372.0
2018-10-09,17212.0
2018-10-10,18612.0
2018-10-11,18528.0
2018-10-12,18068.0
2018-10-13,17760.0
2018-10-14,18140.0
2018-10-15,16124.0
2018-10-16,14232.0
2018-10-17,12936.0
2018-10-18,15124.0
2018-10-19,14172.0
2018-10-20,12596.0
2018-10-21,10104.0
2018-10-22,12408.0
2018-10-23,9156.0
2018-10-24,4260.0
2018-10-25,11012.0
2018-10-26,12100.0
2018-10-27,3952.0
2018-10-28,6816.0
2018-10-29,8064.0
2018-10-30,12036.0
2018-10-31,12068.0
2018-11-01,10972.0
2018-11-02,9648.0
2018-11-03,5676.0
2018-11-04,10992.0
2018-11-05,8852.0
2018-11-06,11064.0
2018-11-07,11228.0
2018-11-08,7980.0
2018-11-09,7692.0
2018-11-10,8884.0
2018-11-11,9828.0
2018-11-12,9548.0
2018-11-13,7372.0
2018-11-14,9960.0
2018-11-15,8316.0
2018-11-16,8980.0
2018-11-17,9236.0
2018-11-18,7492.0
2018-11-19,3740.0
2018-11-20,3436.0
2018-11-21,3452.0
2018-11-22,3920.0
2018-11-23,4872.0
2018-11-24,4244.0
2018-11-25,3236.0
2018-11-26,1596.0
2018-11-27,2492.0
2018-11-28,7140.0
2018-11-29,8012.0
2018-11-30,3988.0
2018-12-01,4608.0
2018-12-02,4992.0
2018-12-03,4048.0
2018-12-04,6808.0
2018-12-05,4876.0
2018-12-06,2456.0
2018-12-07,5076.0
2018-12-08,3804.0
2018-12-09,2960.0
2018-12-10,4428.0
2018-12-11,2776.0
2018-12-12,3220.0
2018-12-13,2508.0
2018-12-14,2428.0
2018-12-15,2312.0
2018-12-16,3604.0
2018-12-17,2680.0
2018-12-18,3632.0
2018-12-19,3328.0
2018-12-20,2044.0
2018-12-21,3016.0
2018-12-22,3996.0
2018-12-23,2820.0
2018-12-24,2788.0
2018-12-25,2324.0
2018-12-26,5020.0
2018-12-27,4948.0
2018-12-28,5964.0
2018-12-29,3584.0
2018-12-30,2056.0
2018-12-31,3092.0
2019-01-01,3380.0
2019-01-02,3232.0
2019-01-03,3084.0
2019-01-04,2092.0
2019-01-05,1180.0
2019-01-06,2208.0
2019-01-07,1436.0
2019-01-08,2020.0
2019-01-09,2096.0
2019-01-10,1960.0
2019-01-11,4228.0
2019-01-12,1820.0
2019-01-13,3172.0
2019-01-14,4524.0
2019-01-15,4088.0
2019-01-16,5092.0
2019-01-17,5240.0
2019-01-18,2688.0
2019-01-19,5912.0
2019-01-20,4828.0
2019-01-21,5712.0
2019-01-22,6344.0
2019-01-23,1764.0
2019-01-24,1952.0
2019-01-25,3728.0
2019-01-26,2192.0
2019-01-27,5696.0
2019-01-28,3400.0
2019-01-29,6432.0
2019-01-30,6328.0
2019-01-31,5920.0
2019-02-01,5348.0
2019-02-02,5604.0
2019-02-03,2908.0
2019-02-04,6364.0
2019-02-05,8900.0
2019-02-06,9812.0
2019-02-07,9516.0
2019-02-08,10816.0
2019-02-09,10460.0
2019-02-10,7612.0
2019-02-11,5240.0
2019-02-12,4588.0
2019-02-13,7744.0
2019-02-14,9476.0
2019-02-15,13668.0
2019-02-16,10436.0
2019-02-17,12096.0
2019-02-18,10416.0
2019-02-19,11312.0
2019-02-20,8708.0
2019-02-21,8916.0
2019-02-22,4600.0
2019-02-23,7928.0
2019-02-24,8580.0
2019-02-25,12104.0
2019-02-26,8728.0
2019-02-27,13640.0
2019-02-28,15724.0
2019-03-01,5812.0
2019-03-02,4852.0
2019-03-03,11188.0
2019-03-04,12652.0
2019-03-05,11352.0
2019-03-06,13192.0
2019-03-07,9144.0
2019-03-08,9512.0
2019-03-09,8708.0
2019-03-10,5556.0
2019-03-11,11928.0
2019-03-12,11016.0
2019-03-13,7992.0
2019-03-14,11212.0
2019-03-15,8788.0
2019-03-16,6684.0
2019-03-17,17632.0
2019-03-18,6320.0
2019-03-19,11428.0
2019-03-20,15428.0
2019-03-21,17804.0
2019-03-22,18492.0
2019-03-23,18912.0
2019-03-24,18020.0
2019-03-25,12884.0
2019-03-26,11452.0
2019-03-27,10272.0
2019-03-28,10528.0
2019-03-29,16976.0
2019-03-30,20648.0
2019-03-31,21200.0
2019-04-01,18484.0
2019-04-02,20368.0
2019-04-03,19256.0
2019-04-04,17168.0
2019-04-05,11304.0
2019-04-06,16168.0
2019-04-07,20416.0
2019-04-08,12720.0
2019-04-09,17880.0
2019-04-10,9704.0
2019-04-11,7084.0
2019-04-12,9964.0
2019-04-13,11036.0
2019-04-14,6072.0
2019-04-15,20672.0
2019-04-16,23880.0
2019-04-17,20648.0
2019-04-18,21620.0
2019-04-19,26852.0
2019-04-20,27568.0
2019-04-21,27672.0
2019-04-22,26620.0
2019-04-23,14988.0
2019-04-24,23428.0
2019-04-25,28660.0
2019-04-26,20096.0
2019-04-27,18344.0
2019-04-28,16596.0
2019-04-29,9240.0
2019-04-30,10232.0
2019-05-01,24444.0
2019-05-02,26364.0
2019-05-03,12984.0
2019-05-04,10688.0
2019-05-05,7352.0
2019-05-06,13260.0
2019-05-07,21228.0
2019-05-08,26888.0
2019-05-09,13604.0
2019-05-10,25848.0
2019-05-11,21144.0
2019-05-12,8128.0
2019-05-13,8932.0
2019-05-14,11680.0
2019-05-15,6156.0
2019-05-16,14140.0
2019-05-17,25840.0
2019-05-18,26260.0
2019-05-19,26808.0
2019-05-20,19028.0
2019-05-21,13408.0
2019-05-22,18368.0
2019-05-23,24972.0
2019-05-24,31068.0
2019-05-25,27040.0
2019-05-26,25984.0
2019-05-27,20208.0
2019-05-28,14216.0
2019-05-29,6952.0
2019-05-30,17020.0
2019-05-31,22808.0
2019-06-01,25712.0
2019-06-02,29672.0
2019-06-03,30564.0
2019-06-04,30960.0
2019-06-05,30460.0
2019-06-06,24676.0
2019-06-07,29092.0
2019-06-08,27272.0
2019-06-09,31568.0
2019-06-10,29232.0
2019-06-11,27076.0
2019-06-12,31676.0
2019-06-13,30816.0
2019-06-14,34232.0
2019-06-15,27628.0
2019-06-16,22848.0
2019-06-17,24948.0
2019-06-18,27864.0
2019-06-19,27796.0
2019-06-20,26392.0
2019-06-21,23724.0
2019-06-22,17936.0
2019-06-23,16792.0
2019-06-24,28204.0
2019-06-25,32392.0
2019-06-26,34152.0
2019-06-27,29628.0
2019-06-28,31876.0
2019-06-29,32372.0
2019-06-30,33808.0
2019-07-01,28556.0
2019-07-02,19632.0
2019-07-03,27180.0
2019-07-04,29280.0
2019-07-05,28184.0
2019-07-06,31184.0
2019-07-07,19888.0
2019-07-08,15728.0
2019-07-09,23260.0
2019-07-10,24792.0
2019-07-11,22952.0
2019-07-12,17700.0
2019-07-13,18988.0
2019-07-14,21996.0
2019-07-15,24860.0
2019-07-16,24712.0
2019-07-17,28324.0
2019-07-18,25160.0
2019-07-19,25156.0
2019-07-20,29720.0
2019-07-21,22008.0
2019-07-22,27184.0
2019-07-23,28288.0
2019-07-24,31432.0
2019-07-25,30984.0
2019-07-26,29456.0
2019-07-27,22812.0
2019-07-28,22244.0
2019-07-29,17196.0
2019-07-30,24308.0
2019-07-31,20420.0
2019-08-01,24852.0
2019-08-02,16268.0
2019-08-03,20396.0
2019-08-04,24008.0
2019-08-05,24136.0
2019-08-06,23536.0
2019-08-07,20856.0
2019-08-08,23400.0
2019-08-09,27448.0
2019-08-10,25632.0
2019-08-11,22408.0
2019-08-12,22860.0
2019-08-13,17216.0
2019-08-14,19556.0
2019-08-15,23588.0
2019-08-16,20060.0
2019-08-17,22212.0
2019-08-18,25188.0
2019-08-19,21528.0
2019-08-20,17404.0
2019-08-21,14232.0
2019-08-22,22132.0
2019-08-23,17828.0
2019-08-24,20292.0
2019-08-25,21284.0
2019-08-26,20224.0
2019-08-27,21612.0
2019-08-28,23644.0
2019-08-29,17712.0
2019-08-30,17496.0
2019-08-31,22256.0
2019-09-01,26100.0
2019-09-02,11460.0
2019-09-03,23520.0
2019-09-04,27368.0
2019-09-05,22952.0
2019-09-06,13168.0
2019-09-07,8864.0
2019-09-08,11252.0
2019-09-09,14404.0
2019-09-10,23428.0
2019-09-11,22296.0
2019-09-12,20608.0
2019-09-13,22516.0
2019-09-14,17848.0
2019-09-15,23432.0
2019-09-16,22152.0
2019-09-17,13324.0
2019-09-18,20772.0
2019-09-19,18784.0
2019-09-20,21176.0
2019-09-21,22288.0
2019-09-22,22212.0
2019-09-23,11656.0
2019-09-24,13416.0
2019-09-25,10096.0
2019-09-26,17440.0
2019-09-27,17804.0
2019-09-28,10252.0
2019-09-29,17860.0
2019-09-30,18452.0
2019-10-01,18628.0
2019-10-02,8304.0
2019-10-03,11896.0
2019-10-04,13812.0
2019-10-05,8664.0
2019-10-06,11888.0
2019-10-07,11384.0
2019-10-08,13988.0
2019-10-09,9716.0
2019-10-10,11032.0
2019-10-11,16784.0
2019-10-12,17676.0
2019-10-13,16056.0
2019-10-14,15016.0
2019-10-15,14932.0
2019-10-16,11056.0
2019-10-17,15080.0
2019-10-18,14348.0
2019-10-19,12860.0
2019-10-20,13440.0
2019-10-21,13352.0
2019-10-22,11784.0
2019-10-23,12472.0
2019-10-24,13060.0
2019-10-25,11928.0
2019-10-26,13684.0
2019-10-27,14068.0
2019-10-28,3684.0
2019-10-29,2528.0
2019-10-30,3480.0
2019-10-31,8092.0
2019-11-01,10228.0
2019-11-02,8564.0
2019-11-03,8580.0
2019-11-04,9520.0
2019-11-05,4216.0
2019-11-06,8612.0
2019-11-07,9180.0
2019-11-08,6804.0
2019-11-09,6428.0
2019-11-10,9184.0
2019-11-11,8192.0
2019-11-12,2668.0
2019-11-13,2852.0
2019-11-14,6424.0
2019-11-15,4864.0
2019-11-16,5660.0
2019-11-17,6832.0
2019-11-18,6820.0
2019-11-19,6468.0
2019-11-20,3328.0
2019-11-21,4952.0
2019-11-22,7584.0
2019-11-23,5632.0
2019-11-24,7020.0
2019-11-25,5136.0
2019-11-26,5124.0
2019-11-27,4004.0
2019-11-28,4232.0
2019-11-29,5120.0
2019-11-30,5804.0
2019-12-01,3932.0
2019-12-02,2112.0
2019-12-03,2788.0
2019-12-04,4900.0
2019-12-05,4884.0
2019-12-06,5268.0
2019-12-07,3144.0
2019-12-08,5728.0
2019-12-09,1872.0
2019-12-10,4240.0
2019-12-11,4580.0
2019-12-12,1616.0
2019-12-13,2896.0
2019-12-14,2236.0
2019-12-15,4912.0
2019-12-16,4928.0
2019-12-17,3808.0
2019-12-18,5656.0
2019-12-19,4256.0
2019-12-20,5516.0
2019-12-21,1972.0
2019-12-22,2184.0
2019-12-23,2228.0
2019-12-24,3260.0
2019-12-25,3636.0
2019-12-26,3680.0
2019-12-27,3136.0
2019-12-28,2336.0
2019-12-29,3572.0
2019-12-30,4572.0
2019-12-31,5488.0
2020-01-01,4864.0
2020-01-02,5472.0
2020-01-03,4892.0
2020-01-04,2332.0
2020-01-05,4320.0
2020-01-06,4500.0
2020-01-07,5032.0
2020-01-08,5072.0
2020-01-09,5348.0
2020-01-10,5976.0
2020-01-11,4212.0
2020-01-12,5652.0
2020-01-13,4440.0
2020-01-14,4944.0
2020-01-15,5116.0
2020-01-16,5424.0
2020-01-17,4676.0
2020-01-18,1296.0
2020-01-19,1932.0
2020-01-20,3240.0
2020-01-21,5136.0
2020-01-22,6628.0
2020-01-23,5928.0
2020-01-24,6440.0
2020-01-25,5108.0
2020-01-26,3760.0
2020-01-27,6300.0
2020-01-28,4824.0
2020-01-29,6280.0
2020-01-30,7136.0
2020-01-31,5988.0
2020-02-01,10628.0
2020-02-02,6268.0
2020-02-03,4076.0
2020-02-04,4288.0
2020-02-05,5608.0
2020-02-06,5920.0
2020-02-07,6884.0
2020-02-08,9184.0
2020-02-09,10972.0
2020-02-10,7872.0
2020-02-11,9116.0
2020-02-12,9684.0
2020-02-13,9168.0
2020-02-14,7232.0
2020-02-15,12124.0
2020-02-16,12128.0
2020-02-17,13292.0
2020-02-18,10364.0
2020-02-19,6140.0
2020-02-20,12448.0
2020-02-21,12048.0
2020-02-22,14556.0
2020-02-23,9644.0
2020-02-24,6292.0
2020-02-25,13292.0
2020-02-26,5768.0
2020-02-27,11676.0
2020-02-28,10128.0
2020-02-29,11112.0
2020-03-01,5984.0
2020-03-02,15384.0
2020-03-03,8284.0
2020-03-04,14188.0
2020-03-05,14540.0
2020-03-06,6896.0
2020-03-07,12780.0
2020-03-08,13652.0
2020-03-09,9708.0
2020-03-10,14904.0
2020-03-11,11268.0
2020-03-12,18980.0
2020-03-13,10100.0
2020-03-14,11880.0
2020-03-15,20716.0
2020-03-16,21620.0
2020-03-17,15844.0
2020-03-18,20504.0
2020-03-19,23176.0
2020-03-20,22912.0
2020-03-21,6480.0
2020-03-22,16568.0
2020-03-23,18592.0
2020-03-24,20648.0
2020-03-25,15608.0
2020-03-26,13196.0
2020-03-27,20968.0
2020-03-28,24744.0
2020-03-29,15584.0
2020-03-30,12136.0
2020-03-31,22240.0
2020-04-01,12368.0
2020-04-02,13204.0
2020-04-03,9608.0
2020-04-04,9448.0
2020-04-05,13916.0
2020-04-06,14300.0
2020-04-07,14548.0
2020-04-08,15344.0
2020-04-09,14880.0
2020-04-10,12192.0
2020-04-11,7868.0
2020-04-12,14492.0
2020-04-13,12388.0
2020-04-14,9756.0
2020-04-15,14960.0
2020-04-16,16328.0
2020-04-17,14992.0
2020-04-18,12576.0
2020-04-19,7796.0
2020-04-20,14380.0
2020-04-21,16996.0
2020-04-22,17316.0
2020-04-23,17436.0
2020-04-24,16044.0
2020-04-25,15712.0
2020-04-26,16304.0
2020-04-27,14148.0
2020-04-28,14896.0
2020-04-29,6508.0
2020-04-30,15356.0
2020-05-01,13344.0
2020-05-02,13740.0
2020-05-03,14456.0
2020-05-04,12712.0
2020-05-05,10392.0
2020-05-06,16684.0
2020-05-07,18884.0
2020-05-08,17972.0
2020-05-09,11164.0
2020-05-10,14924.0
2020-05-11,11948.0
2020-05-12,12508.0
2020-05-13,13712.0
2020-05-14,9032.0
2020-05-15,5952.0
2020-05-16,11304.0
2020-05-17,15920.0
2020-05-18,19756.0
2020-05-19,15536.0
2020-05-20,10896.0
2020-05-21,15112.0
2020-05-22,16836.0
2020-05-23,11016.0
2020-05-24,16384.0
2020-05-25,11152.0
2020-05-26,12148.0
2020-05-27,16164.0
2020-05-28,10344.0
2020-05-29,10728.0
2020-05-30,11404.0
2020-05-31,8084.0
2020-06-01,13924.0
2020-06-02,15636.0
2020-06-03,15920.0
2020-06-04,14676.0
2020-06-05,7656.0
2020-06-06,15556.0
2020-06-07,13092.0
2020-06-08,8040.0
2020-06-09,7808.0
2020-06-10,8216.0
2020-06-11,15656.0
2020-06-12,19648.0
2020-06-13,17992.0
2020-06-14,9184.0
2020-06-15,7412.0
2020-06-16,5964.0
2020-06-17,12468.0
2020-06-18,8868.0
2020-06-19,14152.0
2020-06-20,12120.0
2020-06-21,5732.0
2020-06-22,14992.0
2020-06-23,16492.0
2020-06-24,15824.0
2020-06-25,14608.0
2020-06-26,15844.0
2020-06-27,17164.0
2020-06-28,17560.0
2020-06-29,9404.0
2020-06-30,15720.0
2020-07-01,15396.0
2020-07-02,11352.0
2020-07-03,8568.0
2020-07-04,13356.0
2020-07-05,17260.0
2020-07-06,13956.0
2020-07-07,15452.0
2020-07-08,19212.0
2020-07-09,17228.0
2020-07-10,18848.0
2020-07-11,5136.0
2020-07-12,15048.0
2020-07-13,17904.0
2020-07-14,17148.0
2020-07-15,15096.0
2020-07-16,7560.0
2020-07-17,12116.0
2020-07-18,8184.0
2020-07-19,10296.0
2020-07-20,15888.0
2020-07-21,17588.0
2020-07-22,13396.0
2020-07-23,15484.0
2020-07-24,12168.0
2020-07-25,11796.0
2020-07-26,12808.0
2020-07-27,16640.0
2020-07-28,17296.0
2020-07-29,12328.0
2020-07-30,16516.0
2020-07-31,17640.0
2020-08-01,17736.0
2020-08-02,12864.0
2020-08-03,3936.0
2020-08-04,8036.0
2020-08-05,8892.0
2020-08-06,15580.0
2020-08-07,16452.0
2020-08-08,17344.0
2020-08-09,16232.0
2020-08-10,16492.0
2020-08-11,14132.0
2020-08-12,14544.0
2020-08-13,13244.0
2020-08-14,8528.0
2020-08-15,10848.0
2020-08-16,13520.0
2020-08-17,9704.0
2020-08-18,10184.0
2020-08-19,13380.0
2020-08-20,15200.0
2020-08-21,15844.0
2020-08-22,12936.0
2020-08-23,12308.0
2020-08-24,9584.0
2020-08-25,13896.0
2020-08-26,14224.0
2020-08-27,13528.0
2020-08-28,12888.0
2020-08-29,9388.0
2020-08-30,6508.0
2020-08-31,7716.0
2020-09-01,6964.0
2020-09-02,13920.0
2020-09-03,13344.0
2020-09-04,15740.0
2020-09-05,16236.0
2020-09-06,5444.0
2020-09-07,10232.0
2020-09-08,16260.0
2020-09-09,16460.0
2020-09-10,14108.0
2020-09-11,14896.0
2020-09-12,15220.0
2020-09-13,15416.0
2020-09-14,16044.0
2020-09-15,15796.0
2020-09-16,14212.0
2020-09-17,9472.0
2020-09-18,14444.0
2020-09-19,13972.0
2020-09-20,14128.0
2020-09-21,13852.0
2020-09-22,12756.0
2020-09-23,8852.0
2020-09-24,12108.0
2020-09-25,4568.0
2020-09-26,6372.0
2020-09-27,11636.0
2020-09-28,2740.0
2020-09-29,8364.0
2020-09-30,9108.0
2020-10-01,10600.0
2020-10-02,9776.0
2020-10-03,8440.0
2020-10-04,11248.0
2020-10-05,6128.0
2020-10-06,11756.0
2020-10-07,4736.0
2020-10-08,9628.0
2020-10-09,10540.0
2020-10-10,6612.0
2020-10-11,2100.0
2020-10-12,5696.0
2020-10-13,3772.0
2020-10-14,5464.0
2020-10-15,3608.0
2020-10-16,2808.0
2020-10-17,3640.0
2020-10-18,6700.0
2020-10-19,7232.0
2020-10-20,8448.0
2020-10-21,8060.0
2020-10-22,7496.0
2020-10-23,6056.0
2020-10-24,4668.0
2020-10-25,7996.0
2020-10-26,6600.0
2020-10-27,2296.0
2020-10-28,6276.0
2020-10-29,3052.0
2020-10-30,3064.0
2020-10-31,5540.0
2020-11-01,4832.0
2020-11-02,5052.0
2020-11-03,3784.0
2020-11-04,1620.0
2020-11-05,3964.0
2020-11-06,6544.0
2020-11-07,6560.0
2020-11-08,5512.0
2020-11-09,3396.0
2020-11-10,3316.0
2020-11-11,2608.0
2020-11-12,4504.0
2020-11-13,5512.0
2020-11-14,3892.0
2020-11-15,4084.0
2020-11-16,1548.0
2020-11-17,3984.0
2020-11-18,6084.0
2020-11-19,5072.0
2020-11-20,4928.0
2020-11-21,4796.0
2020-11-22,5620.0
2020-11-23,3172.0
2020-11-24,5352.0
2020-11-25,4488.0
2020-11-26,3472.0
2020-11-27,3932.0
2020-11-28,2892.0
2020-11-29,3768.0
2020-11-30,3972.0
2020-12-01,2544.0
2020-12-02,2840.0
2020-12-03,932.0
2020-12-04,3300.0
2020-12-05,2836.0
2020-12-06,2564.0
2020-12-07,3240.0
2020-12-08,2284.0
2020-12-09,612.0
2020-12-10,1644.0
2020-12-11,1756.0
2020-12-12,1708.0
2020-12-13,2548.0
2020-12-14,3596.0
2020-12-15,2064.0
2020-12-16,2020.0
2020-12-17,2020.0
2020-12-18,3168.0
2020-12-19,2096.0
2020-12-20,2036.0
2020-12-21,2876.0
2020-12-22,2228.0
2020-12-23,4208.0
